序列/样品名称,突变,属性,实测值,单位,测定条件,重复,操作人,测定日期,备注
枯草杆菌蛋白酶 BPN' (P00782),,热稳定性,58.5,°C,"50 mM Tris-HCl pH 8.0, 1 mM CaCl2",1,张三,2026-09-15,【示例数据】构建体 BPN-WT；CD 法测热变性中点
枯草杆菌蛋白酶 BPN' (P00782),,热稳定性,58.7,°C,"50 mM Tris-HCl pH 8.0, 1 mM CaCl2",2,张三,2026-09-16,【示例数据】构建体 BPN-WT；CD 法测热变性中点
枯草杆菌蛋白酶 BPN' (P00782),,碱稳定性,64.2,%,"0.1 M NaOH, 25 °C, 30 min 处理后测残余活性",1,李四,2026-09-17,【示例数据】构建体 BPN-WT；AAPF-pNA 底物测残余酶活
枯草杆菌蛋白酶 BPN' (P00782),,碱稳定性,63.8,%,"0.1 M NaOH, 25 °C, 30 min 处理后测残余活性",2,李四,2026-09-18,【示例数据】构建体 BPN-WT；AAPF-pNA 底物测残余酶活
枯草杆菌蛋白酶 BPN' (P00782),S116A,热稳定性,59.8,°C,"50 mM Tris-HCl pH 8.0, 1 mM CaCl2",1,张三,2026-09-15,【示例数据】构建体 BPN-S116A；CD 法测热变性中点
枯草杆菌蛋白酶 BPN' (P00782),S116A,热稳定性,60.1,°C,"50 mM Tris-HCl pH 8.0, 1 mM CaCl2",2,张三,2026-09-16,【示例数据】构建体 BPN-S116A；CD 法测热变性中点
枯草杆菌蛋白酶 BPN' (P00782),S116A,碱稳定性,66.5,%,"0.1 M NaOH, 25 °C, 30 min 处理后测残余活性",1,李四,2026-09-17,【示例数据】构建体 BPN-S116A；AAPF-pNA 底物测残余酶活
枯草杆菌蛋白酶 BPN' (P00782),S116A,碱稳定性,66.1,%,"0.1 M NaOH, 25 °C, 30 min 处理后测残余活性",2,李四,2026-09-18,【示例数据】构建体 BPN-S116A；AAPF-pNA 底物测残余酶活
枯草杆菌蛋白酶 BPN' (P00782),G154A,热稳定性,60.4,°C,"50 mM Tris-HCl pH 8.0, 1 mM CaCl2",1,张三,2026-09-15,【示例数据】构建体 BPN-G154A；CD 法测热变性中点
枯草杆菌蛋白酶 BPN' (P00782),G154A,热稳定性,60.2,°C,"50 mM Tris-HCl pH 8.0, 1 mM CaCl2",2,张三,2026-09-16,【示例数据】构建体 BPN-G154A；CD 法测热变性中点
枯草杆菌蛋白酶 BPN' (P00782),G154A,碱稳定性,68.9,%,"0.1 M NaOH, 25 °C, 30 min 处理后测残余活性",1,李四,2026-09-17,【示例数据】构建体 BPN-G154A；AAPF-pNA 底物测残余酶活
枯草杆菌蛋白酶 BPN' (P00782),G154A,碱稳定性,69.4,%,"0.1 M NaOH, 25 °C, 30 min 处理后测残余活性",2,李四,2026-09-18,【示例数据】构建体 BPN-G154A；AAPF-pNA 底物测残余酶活
枯草杆菌蛋白酶 BPN' (P00782),A192V,热稳定性,59.1,°C,"50 mM Tris-HCl pH 8.0, 1 mM CaCl2",1,张三,2026-09-15,【示例数据】构建体 BPN-A192V；CD 法测热变性中点
枯草杆菌蛋白酶 BPN' (P00782),A192V,热稳定性,58.9,°C,"50 mM Tris-HCl pH 8.0, 1 mM CaCl2",2,张三,2026-09-16,【示例数据】构建体 BPN-A192V；CD 法测热变性中点
枯草杆菌蛋白酶 BPN' (P00782),A192V,碱稳定性,65.0,%,"0.1 M NaOH, 25 °C, 30 min 处理后测残余活性",1,李四,2026-09-17,【示例数据】构建体 BPN-A192V；AAPF-pNA 底物测残余酶活
枯草杆菌蛋白酶 BPN' (P00782),A192V,碱稳定性,65.5,%,"0.1 M NaOH, 25 °C, 30 min 处理后测残余活性",2,李四,2026-09-18,【示例数据】构建体 BPN-A192V；AAPF-pNA 底物测残余酶活
枯草杆菌蛋白酶 BPN' (P00782),W213F,热稳定性,57.6,°C,"50 mM Tris-HCl pH 8.0, 1 mM CaCl2",1,张三,2026-09-15,【示例数据】构建体 BPN-W213F；CD 法测热变性中点
枯草杆菌蛋白酶 BPN' (P00782),W213F,热稳定性,57.9,°C,"50 mM Tris-HCl pH 8.0, 1 mM CaCl2",2,张三,2026-09-16,【示例数据】构建体 BPN-W213F；CD 法测热变性中点
枯草杆菌蛋白酶 BPN' (P00782),W213F,碱稳定性,61.2,%,"0.1 M NaOH, 25 °C, 30 min 处理后测残余活性",1,李四,2026-09-17,【示例数据】构建体 BPN-W213F；AAPF-pNA 底物测残余酶活
枯草杆菌蛋白酶 BPN' (P00782),W213F,碱稳定性,60.8,%,"0.1 M NaOH, 25 °C, 30 min 处理后测残余活性",2,李四,2026-09-18,【示例数据】构建体 BPN-W213F；AAPF-pNA 底物测残余酶活
枯草杆菌蛋白酶 BPN' (P00782),Y274F,热稳定性,58.9,°C,"50 mM Tris-HCl pH 8.0, 1 mM CaCl2",1,张三,2026-09-15,【示例数据】构建体 BPN-Y274F；CD 法测热变性中点
枯草杆菌蛋白酶 BPN' (P00782),Y274F,热稳定性,59.2,°C,"50 mM Tris-HCl pH 8.0, 1 mM CaCl2",2,张三,2026-09-16,【示例数据】构建体 BPN-Y274F；CD 法测热变性中点
枯草杆菌蛋白酶 BPN' (P00782),Y274F,碱稳定性,64.8,%,"0.1 M NaOH, 25 °C, 30 min 处理后测残余活性",1,李四,2026-09-17,【示例数据】构建体 BPN-Y274F；AAPF-pNA 底物测残余酶活
枯草杆菌蛋白酶 BPN' (P00782),Y274F,碱稳定性,65.2,%,"0.1 M NaOH, 25 °C, 30 min 处理后测残余活性",2,李四,2026-09-18,【示例数据】构建体 BPN-Y274F；AAPF-pNA 底物测残余酶活
枯草杆菌蛋白酶 BPN' (P00782),S295A,热稳定性,60.9,°C,"50 mM Tris-HCl pH 8.0, 1 mM CaCl2",1,张三,2026-09-15,【示例数据】构建体 BPN-S295A；CD 法测热变性中点
枯草杆菌蛋白酶 BPN' (P00782),S295A,热稳定性,61.2,°C,"50 mM Tris-HCl pH 8.0, 1 mM CaCl2",2,张三,2026-09-16,【示例数据】构建体 BPN-S295A；CD 法测热变性中点
枯草杆菌蛋白酶 BPN' (P00782),S295A,碱稳定性,70.1,%,"0.1 M NaOH, 25 °C, 30 min 处理后测残余活性",1,李四,2026-09-17,【示例数据】构建体 BPN-S295A；AAPF-pNA 底物测残余酶活
枯草杆菌蛋白酶 BPN' (P00782),S295A,碱稳定性,69.7,%,"0.1 M NaOH, 25 °C, 30 min 处理后测残余活性",2,李四,2026-09-18,【示例数据】构建体 BPN-S295A；AAPF-pNA 底物测残余酶活
枯草杆菌蛋白酶 BPN' (P00782),A337V,热稳定性,59.4,°C,"50 mM Tris-HCl pH 8.0, 1 mM CaCl2",1,张三,2026-09-15,【示例数据】构建体 BPN-A337V；CD 法测热变性中点
枯草杆菌蛋白酶 BPN' (P00782),A337V,热稳定性,59.0,°C,"50 mM Tris-HCl pH 8.0, 1 mM CaCl2",2,张三,2026-09-16,【示例数据】构建体 BPN-A337V；CD 法测热变性中点
枯草杆菌蛋白酶 BPN' (P00782),A337V,碱稳定性,66.0,%,"0.1 M NaOH, 25 °C, 30 min 处理后测残余活性",1,李四,2026-09-17,【示例数据】构建体 BPN-A337V；AAPF-pNA 底物测残余酶活
枯草杆菌蛋白酶 BPN' (P00782),A337V,碱稳定性,66.4,%,"0.1 M NaOH, 25 °C, 30 min 处理后测残余活性",2,李四,2026-09-18,【示例数据】构建体 BPN-A337V；AAPF-pNA 底物测残余酶活
枯草杆菌蛋白酶 BPN' (P00782),E358Q,热稳定性,56.8,°C,"50 mM Tris-HCl pH 8.0, 1 mM CaCl2",1,张三,2026-09-15,【示例数据】构建体 BPN-E358Q；CD 法测热变性中点
枯草杆菌蛋白酶 BPN' (P00782),E358Q,热稳定性,57.1,°C,"50 mM Tris-HCl pH 8.0, 1 mM CaCl2",2,张三,2026-09-16,【示例数据】构建体 BPN-E358Q；CD 法测热变性中点
枯草杆菌蛋白酶 BPN' (P00782),E358Q,碱稳定性,58.5,%,"0.1 M NaOH, 25 °C, 30 min 处理后测残余活性",1,李四,2026-09-17,【示例数据】构建体 BPN-E358Q；AAPF-pNA 底物测残余酶活
枯草杆菌蛋白酶 BPN' (P00782),E358Q,碱稳定性,58.1,%,"0.1 M NaOH, 25 °C, 30 min 处理后测残余活性",2,李四,2026-09-18,【示例数据】构建体 BPN-E358Q；AAPF-pNA 底物测残余酶活
